date,position,song,artist,popularity,duration_ms,album_type,total_tracks,release_date,is_explicit,album_cover_url
2023-05-18,1,"Gelosa (feat. Shiva, Sfera Ebbasta, Guè)",Finesse & Shiva & Sfera Ebbasta,82,181611,single,1,2023-02-24,False,https://i.scdn.co/image/ab67616d0000b273daa862db6dbe29bb621e9338
2023-05-18,2,CENERE,Lazza,77,208323,album,26,2022-04-07,False,https://i.scdn.co/image/ab67616d0000b273279a772ce72afcc068718423
2023-05-18,3,IL MALE CHE MI FAI (feat. Marracash),Geolier,81,167339,album,24,2023-04-07,False,https://i.scdn.co/image/ab67616d0000b273afd999e92d692ad962b9c556
2023-05-18,4,Pelé,Rhove & Madfingerz,78,133858,single,1,2023-03-16,True,https://i.scdn.co/image/ab67616d0000b2731959056f44e03cdd18d85cc8
2023-05-18,5,Un Briciolo Di Allegria (con MINA),BLANCO,79,207615,album,12,2023-04-13,False,https://i.scdn.co/image/ab67616d0000b273d0a7dfc11235eb8a6fc8fbf0
2023-05-18,6,COME VUOI,Geolier,79,172615,album,18,2023-01-06,True,https://i.scdn.co/image/ab67616d0000b273a43bc8d38cdecdb7a71b34a6
2023-05-18,7,Mon Amour,Annalisa,78,203225,single,1,2023-03-31,False,https://i.scdn.co/image/ab67616d0000b27318cfcfb5f053d8cf88b8b48c
2023-05-18,8,"MIRAGE (feat. Ozuna, GIMS & Sfera Ebbasta)",AriBeatz & Ozuna & Sfera Ebbasta,81,206054,single,1,2023-04-14,True,https://i.scdn.co/image/ab67616d0000b2734a317bdd13b1a039a24300aa
2023-05-18,9,TANGO,Tananai,73,209062,album,16,2022-11-24,False,https://i.scdn.co/image/ab67616d0000b27374dfe2b9efecc249aa0b2a55
2023-05-18,10,X CASO (feat. Sfera Ebbasta),Geolier,78,215421,album,18,2023-01-06,True,https://i.scdn.co/image/ab67616d0000b273a43bc8d38cdecdb7a71b34a6
2023-05-18,11,Due Vite,Marco Mengoni,71,225652,album,28,2022-12-25,False,https://i.scdn.co/image/ab67616d0000b2730e61e4e997a3dc0ba273e732
2023-05-18,12,ORIGAMI ALL'ALBA - CLARA,Matteo Paolillo - Icaro & Lolloflow & CLARA,79,153758,single,2,2023-02-24,False,https://i.scdn.co/image/ab67616d0000b273581a52729617653dabbe3fc8
2023-05-18,13,"Quevedo: Bzrp Music Sessions, Vol. 52",Bizarrap & Quevedo,93,198937,single,1,2022-07-06,False,https://i.scdn.co/image/ab67616d0000b2731630dd349221a35ce03a0ccf
2023-05-18,14,CHIAGNE (feat. Lazza & Takagi & Ketra),Geolier,74,179863,album,18,2023-01-06,False,https://i.scdn.co/image/ab67616d0000b273a43bc8d38cdecdb7a71b34a6
2023-05-18,15,Non lo Sai,Shiva,78,228454,album,18,2022-11-25,False,https://i.scdn.co/image/ab67616d0000b273c7e356600aed38293c7ca0a4
2023-05-18,16,Dimmi Che C'è (feat. Tedua),thasup,70,182078,album,21,2022-09-30,False,https://i.scdn.co/image/ab67616d0000b27372cfdfd53af51bcfed067d75
2023-05-18,17,SUPEREROI,Mr.Rain,79,195000,single,5,2023-02-08,False,https://i.scdn.co/image/ab67616d0000b273b6f87af8918ce1d7988c4712
2023-05-18,18,Non litighiamo più,Rocco Hunt,75,180444,single,1,2023-03-31,False,https://i.scdn.co/image/ab67616d0000b2734197301044c769c52ad4d61c
2023-05-18,19,Guasto D'Amore,Bresh & SHUNE,77,200080,single,1,2023-01-27,False,https://i.scdn.co/image/ab67616d0000b273fdcbf5d28fd6ab6d35c6411f
2023-05-18,20,BOSS,Tony Effe,78,144930,single,1,2023-03-24,True,https://i.scdn.co/image/ab67616d0000b27318090dc3cc0c71fdf1aec014
2023-05-18,21,Cookies N' Cream (feat. ANNA & Sfera Ebbasta),Guè,77,201845,album,12,2023-01-13,True,https://i.scdn.co/image/ab67616d0000b2732f81606d1dbb823ca4a021b3
2023-05-18,22,Un Altro Show (feat. Geolier),Shiva,76,171702,album,18,2022-11-25,False,https://i.scdn.co/image/ab67616d0000b273c7e356600aed38293c7ca0a4
2023-05-18,23,Arai (feat. Capo Plaza),Medy,76,181668,album,7,2023-01-13,True,https://i.scdn.co/image/ab67616d0000b2734095e81ba4f0acca559a91c0
2023-05-18,24,Tattoo,Loreen,89,183374,single,1,2023-02-25,False,https://i.scdn.co/image/ab67616d0000b2732b0ba87db609976eee193bd6
2023-05-18,25,Fantasmi (feat. Geolier),Rose Villain,74,133266,album,14,2023-01-20,False,https://i.scdn.co/image/ab67616d0000b273888812bbfaa3731daaecee44
2023-05-18,26,Daylight,David Kushner,96,212953,single,1,2023-04-14,False,https://i.scdn.co/image/ab67616d0000b27395ca6a9b4083a86c149934ae
2023-05-18,27,"Il Doc 3 (feat. Tony Effe, Slings & MamboLosco)",VillaBanks & Linch & Andry The Hitmaker,75,211429,single,1,2023-02-13,True,https://i.scdn.co/image/ab67616d0000b273a265fe64ad47c42cdc57e639
2023-05-18,28,IL BENE NEL MALE,Madame,66,213143,album,15,2023-03-30,True,https://i.scdn.co/image/ab67616d0000b2738f0790a5c1a64f896ddae910
2023-05-18,29,100 OPPS,Shiva,72,167771,single,1,2023-04-28,True,https://i.scdn.co/image/ab67616d0000b273d083fc9c3acf5f50a66024d2
2023-05-18,30,Ci pensiamo domani,Angelina Mango,61,180184,single,1,2023-05-12,False,https://i.scdn.co/image/ab67616d0000b2738fdce21e347eb12b3ed951be
2023-05-18,31,Captato,Diss Gacha & Sala,69,123333,album,7,2023-04-28,True,https://i.scdn.co/image/ab67616d0000b273f8086509595114dd483d7703
2023-05-18,32,Flowers,Miley Cyrus,91,200600,album,13,2023-03-10,False,https://i.scdn.co/image/ab67616d0000b27358039b5147731b6e52202e46
2023-05-18,33,Queen of Kings,Alessandra,85,147979,single,1,2023-01-09,False,https://i.scdn.co/image/ab67616d0000b2732c9eea7700ceb07c4dabf114
2023-05-18,34,Coca zero,Pinguini Tattici Nucleari,62,203647,album,15,2022-12-02,False,https://i.scdn.co/image/ab67616d0000b27332ef0212a271aea136b88f05
2023-05-18,35,Bellissima,Annalisa,75,201334,single,1,2022-09-02,False,https://i.scdn.co/image/ab67616d0000b273dc2783920a5b9b3def9cdb55
2023-05-18,36,USCITO DI GALERA,Lazza,74,172654,album,17,2022-04-07,True,https://i.scdn.co/image/ab67616d0000b273e1660f0eff9c7330b1d99084
2023-05-18,37,"Shakira: Bzrp Music Sessions, Vol. 53",Bizarrap & Shakira,95,214945,single,1,2023-01-11,False,https://i.scdn.co/image/ab67616d0000b2732b6d78c5a3f6247aa997b812
2023-05-18,38,Altamente Mia,Bresh & SHUNE,73,172718,single,1,2023-04-07,True,https://i.scdn.co/image/ab67616d0000b273454acd485acac4bb735b228e
2023-05-18,39,Capri Sun,Capo Plaza,74,199680,album,12,2022-06-03,True,https://i.scdn.co/image/ab67616d0000b273b67137ac4c300ce27f5f817d
2023-05-18,40,Due,Elodie,67,193926,album,13,2023-02-09,False,https://i.scdn.co/image/ab67616d0000b273d5d0ce7489346daf125bd7ea
2023-05-18,41,BESO,ROSALÍA & Rauw Alejandro,96,194543,single,3,2023-03-24,False,https://i.scdn.co/image/ab67616d0000b2734d6cf0d0d5e32ca4fa3a59e1
2023-05-18,42,M' Manc (con Geolier & Sfera Ebbasta),Shablo & Geolier & Sfera Ebbasta,72,180000,single,1,2020-06-11,False,https://i.scdn.co/image/ab67616d0000b273521496cca18501a2ffeebfa9
2023-05-18,43,Location,Noizy,63,175933,album,22,2023-04-07,True,https://i.scdn.co/image/ab67616d0000b27369d114206c5398ec0f9cfa1c
2023-05-18,44,CRUDELIA - I nervi,Marracash,68,230922,album,31,2019-10-31,True,https://i.scdn.co/image/ab67616d0000b27389070654f69ee060803403f3
2023-05-18,45,Karma (feat. Rondodasosa),MamboLosco & Rondodasosa,71,226863,single,1,2023-04-20,True,https://i.scdn.co/image/ab67616d0000b273fd4fb01e1d8c815cf2da9ec7
2023-05-18,46,PANICO (feat. Takagi & Ketra),Lazza,73,188564,album,17,2022-04-07,True,https://i.scdn.co/image/ab67616d0000b273e1660f0eff9c7330b1d99084
2023-05-18,47,L'Isola Delle Rose,BLANCO,68,187400,album,12,2023-04-13,True,https://i.scdn.co/image/ab67616d0000b273d0a7dfc11235eb8a6fc8fbf0
2023-05-18,48,MONDAY (feat. Shiva & Michelangelo),Geolier,72,165216,album,18,2023-01-06,True,https://i.scdn.co/image/ab67616d0000b273a43bc8d38cdecdb7a71b34a6
2023-05-18,49,Alleluia (feat. Sfera Ebbasta),Shiva,73,160051,album,18,2022-11-25,False,https://i.scdn.co/image/ab67616d0000b273c7e356600aed38293c7ca0a4
2023-05-18,50,Baby Mama,Don Pero,70,151160,single,1,2022-10-27,True,https://i.scdn.co/image/ab67616d0000b2731f5185de4c80542dc1d79e8e
2023-05-19,1,"Gelosa (feat. Shiva, Sfera Ebbasta, Guè)",Finesse & Shiva & Sfera Ebbasta,82,181611,single,1,2023-02-24,False,https://i.scdn.co/image/ab67616d0000b273daa862db6dbe29bb621e9338
2023-05-19,2,CENERE,Lazza,77,208323,album,26,2022-04-07,False,https://i.scdn.co/image/ab67616d0000b273279a772ce72afcc068718423
2023-05-19,3,IL MALE CHE MI FAI (feat. Marracash),Geolier,81,167339,album,24,2023-04-07,False,https://i.scdn.co/image/ab67616d0000b273afd999e92d692ad962b9c556
2023-05-19,4,Pelé,Rhove & Madfingerz,78,133858,single,1,2023-03-16,True,https://i.scdn.co/image/ab67616d0000b2731959056f44e03cdd18d85cc8
2023-05-19,5,Un Briciolo Di Allegria (con MINA),BLANCO,79,207615,album,12,2023-04-13,False,https://i.scdn.co/image/ab67616d0000b273d0a7dfc11235eb8a6fc8fbf0
2023-05-19,6,COME VUOI,Geolier,79,172615,album,18,2023-01-06,True,https://i.scdn.co/image/ab67616d0000b273a43bc8d38cdecdb7a71b34a6
2023-05-19,7,Mon Amour,Annalisa,78,203225,single,1,2023-03-31,False,https://i.scdn.co/image/ab67616d0000b27318cfcfb5f053d8cf88b8b48c
2023-05-19,8,"MIRAGE (feat. Ozuna, GIMS & Sfera Ebbasta)",AriBeatz & Ozuna & Sfera Ebbasta,81,206054,single,1,2023-04-14,True,https://i.scdn.co/image/ab67616d0000b2734a317bdd13b1a039a24300aa
2023-05-19,9,TANGO,Tananai,73,209062,album,16,2022-11-24,False,https://i.scdn.co/image/ab67616d0000b27374dfe2b9efecc249aa0b2a55
2023-05-19,10,X CASO (feat. Sfera Ebbasta),Geolier,78,215421,album,18,2023-01-06,True,https://i.scdn.co/image/ab67616d0000b273a43bc8d38cdecdb7a71b34a6
2023-05-19,11,Due Vite,Marco Mengoni,71,225652,album,28,2022-12-25,False,https://i.scdn.co/image/ab67616d0000b2730e61e4e997a3dc0ba273e732
2023-05-19,12,ORIGAMI ALL'ALBA - CLARA,Matteo Paolillo - Icaro & Lolloflow & CLARA,79,153758,single,2,2023-02-24,False,https://i.scdn.co/image/ab67616d0000b273581a52729617653dabbe3fc8
2023-05-19,13,"Quevedo: Bzrp Music Sessions, Vol. 52",Bizarrap & Quevedo,93,198937,single,1,2022-07-06,False,https://i.scdn.co/image/ab67616d0000b2731630dd349221a35ce03a0ccf
2023-05-19,14,CHIAGNE (feat. Lazza & Takagi & Ketra),Geolier,74,179863,album,18,2023-01-06,False,https://i.scdn.co/image/ab67616d0000b273a43bc8d38cdecdb7a71b34a6
2023-05-19,15,Non lo Sai,Shiva,78,228454,album,18,2022-11-25,False,https://i.scdn.co/image/ab67616d0000b273c7e356600aed38293c7ca0a4
2023-05-19,16,Dimmi Che C'è (feat. Tedua),thasup,70,182078,album,21,2022-09-30,False,https://i.scdn.co/image/ab67616d0000b27372cfdfd53af51bcfed067d75
2023-05-19,17,SUPEREROI,Mr.Rain,79,195000,single,5,2023-02-08,False,https://i.scdn.co/image/ab67616d0000b273b6f87af8918ce1d7988c4712
2023-05-19,18,Guasto D'Amore,Bresh & SHUNE,77,200080,single,1,2023-01-27,False,https://i.scdn.co/image/ab67616d0000b273fdcbf5d28fd6ab6d35c6411f
2023-05-19,19,Non litighiamo più,Rocco Hunt,76,180444,single,1,2023-03-31,False,https://i.scdn.co/image/ab67616d0000b2734197301044c769c52ad4d61c
2023-05-19,20,BOSS,Tony Effe,78,144930,single,1,2023-03-24,True,https://i.scdn.co/image/ab67616d0000b27318090dc3cc0c71fdf1aec014
2023-05-19,21,Cookies N' Cream (feat. ANNA & Sfera Ebbasta),Guè,77,201845,album,12,2023-01-13,True,https://i.scdn.co/image/ab67616d0000b2732f81606d1dbb823ca4a021b3
2023-05-19,22,Un Altro Show (feat. Geolier),Shiva,76,171702,album,18,2022-11-25,False,https://i.scdn.co/image/ab67616d0000b273c7e356600aed38293c7ca0a4
2023-05-19,23,Arai (feat. Capo Plaza),Medy,76,181668,album,7,2023-01-13,True,https://i.scdn.co/image/ab67616d0000b2734095e81ba4f0acca559a91c0
2023-05-19,24,Fantasmi (feat. Geolier),Rose Villain,74,133266,album,14,2023-01-20,False,https://i.scdn.co/image/ab67616d0000b273888812bbfaa3731daaecee44
2023-05-19,25,Tattoo,Loreen,90,183374,single,1,2023-02-25,False,https://i.scdn.co/image/ab67616d0000b2732b0ba87db609976eee193bd6
2023-05-19,26,Daylight,David Kushner,97,212953,single,1,2023-04-14,False,https://i.scdn.co/image/ab67616d0000b27395ca6a9b4083a86c149934ae
2023-05-19,27,100 OPPS,Shiva,72,167771,single,1,2023-04-28,True,https://i.scdn.co/image/ab67616d0000b273d083fc9c3acf5f50a66024d2
2023-05-19,28,IL BENE NEL MALE,Madame,66,213143,album,15,2023-03-30,True,https://i.scdn.co/image/ab67616d0000b2738f0790a5c1a64f896ddae910
2023-05-19,29,"Il Doc 3 (feat. Tony Effe, Slings & MamboLosco)",VillaBanks & Linch & Andry The Hitmaker,75,211429,single,1,2023-02-13,True,https://i.scdn.co/image/ab67616d0000b273a265fe64ad47c42cdc57e639
2023-05-19,30,WE ON EM (feat. NLE Choppa),Rondodasosa & Nko,54,192558,single,1,2023-05-17,True,https://i.scdn.co/image/ab67616d0000b273bf8556fcfcbf5e4dae9771ed
2023-05-19,31,Ci pensiamo domani,Angelina Mango,63,180184,single,1,2023-05-12,False,https://i.scdn.co/image/ab67616d0000b2738fdce21e347eb12b3ed951be
2023-05-19,32,Flowers,Miley Cyrus,91,200600,album,13,2023-03-10,False,https://i.scdn.co/image/ab67616d0000b27358039b5147731b6e52202e46
2023-05-19,33,USCITO DI GALERA,Lazza,74,172654,album,17,2022-04-07,True,https://i.scdn.co/image/ab67616d0000b273e1660f0eff9c7330b1d99084
2023-05-19,34,Captato,Diss Gacha & Sala,70,123333,album,7,2023-04-28,True,https://i.scdn.co/image/ab67616d0000b273f8086509595114dd483d7703
2023-05-19,35,Bellissima,Annalisa,75,201334,single,1,2022-09-02,False,https://i.scdn.co/image/ab67616d0000b273dc2783920a5b9b3def9cdb55
2023-05-19,36,Queen of Kings,Alessandra,86,147979,single,1,2023-01-09,False,https://i.scdn.co/image/ab67616d0000b2732c9eea7700ceb07c4dabf114
2023-05-19,37,Coca zero,Pinguini Tattici Nucleari,62,203647,album,15,2022-12-02,False,https://i.scdn.co/image/ab67616d0000b27332ef0212a271aea136b88f05
2023-05-19,38,"Shakira: Bzrp Music Sessions, Vol. 53",Bizarrap & Shakira,95,214945,single,1,2023-01-11,False,https://i.scdn.co/image/ab67616d0000b2732b6d78c5a3f6247aa997b812
2023-05-19,39,Altamente Mia,Bresh & SHUNE,73,172718,single,1,2023-04-07,True,https://i.scdn.co/image/ab67616d0000b273454acd485acac4bb735b228e
2023-05-19,40,Capri Sun,Capo Plaza,74,199680,album,12,2022-06-03,True,https://i.scdn.co/image/ab67616d0000b273b67137ac4c300ce27f5f817d
2023-05-19,41,Due,Elodie,67,193926,album,13,2023-02-09,False,https://i.scdn.co/image/ab67616d0000b273d5d0ce7489346daf125bd7ea
2023-05-19,42,PANICO (feat. Takagi & Ketra),Lazza,73,188564,album,17,2022-04-07,True,https://i.scdn.co/image/ab67616d0000b273e1660f0eff9c7330b1d99084
2023-05-19,43,BESO,ROSALÍA & Rauw Alejandro,96,194543,single,3,2023-03-24,False,https://i.scdn.co/image/ab67616d0000b2734d6cf0d0d5e32ca4fa3a59e1
2023-05-19,44,Location,Noizy,63,175933,album,22,2023-04-07,True,https://i.scdn.co/image/ab67616d0000b27369d114206c5398ec0f9cfa1c
2023-05-19,45,M' Manc (con Geolier & Sfera Ebbasta),Shablo & Geolier & Sfera Ebbasta,72,180000,single,1,2020-06-11,False,https://i.scdn.co/image/ab67616d0000b273521496cca18501a2ffeebfa9
2023-05-19,46,CRUDELIA - I nervi,Marracash,69,230922,album,31,2019-10-31,True,https://i.scdn.co/image/ab67616d0000b27389070654f69ee060803403f3
2023-05-19,47,Karma (feat. Rondodasosa),MamboLosco & Rondodasosa,71,226863,single,1,2023-04-20,True,https://i.scdn.co/image/ab67616d0000b273fd4fb01e1d8c815cf2da9ec7
2023-05-19,48,Baby Mama,Don Pero,70,151160,single,1,2022-10-27,True,https://i.scdn.co/image/ab67616d0000b2731f5185de4c80542dc1d79e8e
2023-05-19,49,L'Isola Delle Rose,BLANCO,68,187400,album,12,2023-04-13,True,https://i.scdn.co/image/ab67616d0000b273d0a7dfc11235eb8a6fc8fbf0
2023-05-19,50,Alleluia (feat. Sfera Ebbasta),Shiva,73,160051,album,18,2022-11-25,False,https://i.scdn.co/image/ab67616d0000b273c7e356600aed38293c7ca0a4
2023-05-20,1,"Gelosa (feat. Shiva, Sfera Ebbasta, Guè)",Finesse & Shiva & Sfera Ebbasta,82,181611,single,1,2023-02-24,False,https://i.scdn.co/image/ab67616d0000b273daa862db6dbe29bb621e9338
2023-05-20,2,CENERE,Lazza,77,208323,album,26,2022-04-07,False,https://i.scdn.co/image/ab67616d0000b273279a772ce72afcc068718423
2023-05-20,3,IL MALE CHE MI FAI (feat. Marracash),Geolier,81,167339,album,24,2023-04-07,False,https://i.scdn.co/image/ab67616d0000b273afd999e92d692ad962b9c556
2023-05-20,4,Pelé,Rhove & Madfingerz,78,133858,single,1,2023-03-16,True,https://i.scdn.co/image/ab67616d0000b2731959056f44e03cdd18d85cc8
2023-05-20,5,Un Briciolo Di Allegria (con MINA),BLANCO,79,207615,album,12,2023-04-13,False,https://i.scdn.co/image/ab67616d0000b273d0a7dfc11235eb8a6fc8fbf0
2023-05-20,6,COME VUOI,Geolier,79,172615,album,18,2023-01-06,True,https://i.scdn.co/image/ab67616d0000b273a43bc8d38cdecdb7a71b34a6
2023-05-20,7,Mon Amour,Annalisa,79,203225,single,1,2023-03-31,False,https://i.scdn.co/image/ab67616d0000b27318cfcfb5f053d8cf88b8b48c
2023-05-20,8,"MIRAGE (feat. Ozuna, GIMS & Sfera Ebbasta)",AriBeatz & Ozuna & Sfera Ebbasta,81,206054,single,1,2023-04-14,True,https://i.scdn.co/image/ab67616d0000b2734a317bdd13b1a039a24300aa
2023-05-20,9,TANGO,Tananai,73,209062,album,16,2022-11-24,False,https://i.scdn.co/image/ab67616d0000b27374dfe2b9efecc249aa0b2a55
2023-05-20,10,X CASO (feat. Sfera Ebbasta),Geolier,78,215421,album,18,2023-01-06,True,https://i.scdn.co/image/ab67616d0000b273a43bc8d38cdecdb7a71b34a6
2023-05-20,11,ORIGAMI ALL'ALBA - CLARA,Matteo Paolillo - Icaro & Lolloflow & CLARA,79,153758,single,2,2023-02-24,False,https://i.scdn.co/image/ab67616d0000b273581a52729617653dabbe3fc8
2023-05-20,12,Due Vite,Marco Mengoni,71,225652,album,28,2022-12-25,False,https://i.scdn.co/image/ab67616d0000b2730e61e4e997a3dc0ba273e732
2023-05-20,13,"Quevedo: Bzrp Music Sessions, Vol. 52",Bizarrap & Quevedo,93,198937,single,1,2022-07-06,False,https://i.scdn.co/image/ab67616d0000b2731630dd349221a35ce03a0ccf
2023-05-20,14,CHIAGNE (feat. Lazza & Takagi & Ketra),Geolier,74,179863,album,18,2023-01-06,False,https://i.scdn.co/image/ab67616d0000b273a43bc8d38cdecdb7a71b34a6
2023-05-20,15,Non lo Sai,Shiva,78,228454,album,18,2022-11-25,False,https://i.scdn.co/image/ab67616d0000b273c7e356600aed38293c7ca0a4
2023-05-20,16,Dimmi Che C'è (feat. Tedua),thasup,70,182078,album,21,2022-09-30,False,https://i.scdn.co/image/ab67616d0000b27372cfdfd53af51bcfed067d75
2023-05-20,17,Non litighiamo più,Rocco Hunt,76,180444,single,1,2023-03-31,False,https://i.scdn.co/image/ab67616d0000b2734197301044c769c52ad4d61c
2023-05-20,18,SUPEREROI,Mr.Rain,79,195000,single,5,2023-02-08,False,https://i.scdn.co/image/ab67616d0000b273b6f87af8918ce1d7988c4712
2023-05-20,19,Guasto D'Amore,Bresh & SHUNE,77,200080,single,1,2023-01-27,False,https://i.scdn.co/image/ab67616d0000b273fdcbf5d28fd6ab6d35c6411f
2023-05-20,20,BOSS,Tony Effe,78,144930,single,1,2023-03-24,True,https://i.scdn.co/image/ab67616d0000b27318090dc3cc0c71fdf1aec014
2023-05-20,21,Cookies N' Cream (feat. ANNA & Sfera Ebbasta),Guè,77,201845,album,12,2023-01-13,True,https://i.scdn.co/image/ab67616d0000b2732f81606d1dbb823ca4a021b3
2023-05-20,22,Arai (feat. Capo Plaza),Medy,76,181668,album,7,2023-01-13,True,https://i.scdn.co/image/ab67616d0000b2734095e81ba4f0acca559a91c0
2023-05-20,23,Un Altro Show (feat. Geolier),Shiva,76,171702,album,18,2022-11-25,False,https://i.scdn.co/image/ab67616d0000b273c7e356600aed38293c7ca0a4
2023-05-20,24,Fantasmi (feat. Geolier),Rose Villain,74,133266,album,14,2023-01-20,False,https://i.scdn.co/image/ab67616d0000b273888812bbfaa3731daaecee44
2023-05-20,25,IL BENE NEL MALE,Madame,66,213143,album,15,2023-03-30,True,https://i.scdn.co/image/ab67616d0000b2738f0790a5c1a64f896ddae910
2023-05-20,26,Daylight,David Kushner,97,212953,single,1,2023-04-14,False,https://i.scdn.co/image/ab67616d0000b27395ca6a9b4083a86c149934ae
2023-05-20,27,"Il Doc 3 (feat. Tony Effe, Slings & MamboLosco)",VillaBanks & Linch & Andry The Hitmaker,75,211429,single,1,2023-02-13,True,https://i.scdn.co/image/ab67616d0000b273a265fe64ad47c42cdc57e639
2023-05-20,28,Tattoo,Loreen,90,183374,single,1,2023-02-25,False,https://i.scdn.co/image/ab67616d0000b2732b0ba87db609976eee193bd6
2023-05-20,29,100 OPPS,Shiva,72,167771,single,1,2023-04-28,True,https://i.scdn.co/image/ab67616d0000b273d083fc9c3acf5f50a66024d2
2023-05-20,30,Flowers,Miley Cyrus,91,200600,album,13,2023-03-10,False,https://i.scdn.co/image/ab67616d0000b27358039b5147731b6e52202e46
2023-05-20,31,Ci pensiamo domani,Angelina Mango,64,180184,single,1,2023-05-12,False,https://i.scdn.co/image/ab67616d0000b2738fdce21e347eb12b3ed951be
2023-05-20,32,Captato,Diss Gacha & Sala,70,123333,album,7,2023-04-28,True,https://i.scdn.co/image/ab67616d0000b273f8086509595114dd483d7703
2023-05-20,33,Coca zero,Pinguini Tattici Nucleari,62,203647,album,15,2022-12-02,False,https://i.scdn.co/image/ab67616d0000b27332ef0212a271aea136b88f05
2023-05-20,34,Bellissima,Annalisa,75,201334,single,1,2022-09-02,False,https://i.scdn.co/image/ab67616d0000b273dc2783920a5b9b3def9cdb55
2023-05-20,35,USCITO DI GALERA,Lazza,74,172654,album,17,2022-04-07,True,https://i.scdn.co/image/ab67616d0000b273e1660f0eff9c7330b1d99084
2023-05-20,36,"Shakira: Bzrp Music Sessions, Vol. 53",Bizarrap & Shakira,95,214945,single,1,2023-01-11,False,https://i.scdn.co/image/ab67616d0000b2732b6d78c5a3f6247aa997b812
2023-05-20,37,BESO,ROSALÍA & Rauw Alejandro,96,194543,single,3,2023-03-24,False,https://i.scdn.co/image/ab67616d0000b2734d6cf0d0d5e32ca4fa3a59e1
2023-05-20,38,Capri Sun,Capo Plaza,74,199680,album,12,2022-06-03,True,https://i.scdn.co/image/ab67616d0000b273b67137ac4c300ce27f5f817d
2023-05-20,39,Location,Noizy,63,175933,album,22,2023-04-07,True,https://i.scdn.co/image/ab67616d0000b27369d114206c5398ec0f9cfa1c
2023-05-20,40,Altamente Mia,Bresh & SHUNE,73,172718,single,1,2023-04-07,True,https://i.scdn.co/image/ab67616d0000b273454acd485acac4bb735b228e
2023-05-20,41,M' Manc (con Geolier & Sfera Ebbasta),Shablo & Geolier & Sfera Ebbasta,72,180000,single,1,2020-06-11,False,https://i.scdn.co/image/ab67616d0000b273521496cca18501a2ffeebfa9
2023-05-20,42,Queen of Kings,Alessandra,86,147979,single,1,2023-01-09,False,https://i.scdn.co/image/ab67616d0000b2732c9eea7700ceb07c4dabf114
2023-05-20,43,PANICO (feat. Takagi & Ketra),Lazza,73,188564,album,17,2022-04-07,True,https://i.scdn.co/image/ab67616d0000b273e1660f0eff9c7330b1d99084
2023-05-20,44,Due,Elodie,67,193926,album,13,2023-02-09,False,https://i.scdn.co/image/ab67616d0000b273d5d0ce7489346daf125bd7ea
2023-05-20,45,CRUDELIA - I nervi,Marracash,69,230922,album,31,2019-10-31,True,https://i.scdn.co/image/ab67616d0000b27389070654f69ee060803403f3
2023-05-20,46,L'Isola Delle Rose,BLANCO,68,187400,album,12,2023-04-13,True,https://i.scdn.co/image/ab67616d0000b273d0a7dfc11235eb8a6fc8fbf0
2023-05-20,47,Baby Mama,Don Pero,71,151160,single,1,2022-10-27,True,https://i.scdn.co/image/ab67616d0000b2731f5185de4c80542dc1d79e8e
2023-05-20,48,Alleluia (feat. Sfera Ebbasta),Shiva,73,160051,album,18,2022-11-25,False,https://i.scdn.co/image/ab67616d0000b273c7e356600aed38293c7ca0a4
2023-05-20,49,Baby Don't Hurt Me,David Guetta & Anne-Marie & Coi Leray,90,140017,single,2,2023-04-06,False,https://i.scdn.co/image/ab67616d0000b2730b4ef75c3728599aa4104f7a
2023-05-20,50,MONDAY (feat. Shiva & Michelangelo),Geolier,72,165216,album,18,2023-01-06,True,https://i.scdn.co/image/ab67616d0000b273a43bc8d38cdecdb7a71b34a6
2023-05-21,1,ON FIRE - paid in full,Emis Killa,64,176000,album,14,2023-05-19,False,https://i.scdn.co/image/ab67616d0000b27329df67b7e1d45411f2ac4a92
2023-05-21,2,SENZ'ANIMA - nikita,Emis Killa,61,193453,album,14,2023-05-19,False,https://i.scdn.co/image/ab67616d0000b27329df67b7e1d45411f2ac4a92
2023-05-21,3,Pelé,Rhove & Madfingerz,78,133858,single,1,2023-03-16,True,https://i.scdn.co/image/ab67616d0000b2731959056f44e03cdd18d85cc8
2023-05-21,4,"Gelosa (feat. Shiva, Sfera Ebbasta, Guè)",Finesse & Shiva & Sfera Ebbasta,82,181611,single,1,2023-02-24,False,https://i.scdn.co/image/ab67616d0000b273daa862db6dbe29bb621e9338
2023-05-21,5,CENERE,Lazza,77,208323,album,26,2022-04-07,False,https://i.scdn.co/image/ab67616d0000b273279a772ce72afcc068718423
2023-05-21,6,COL CUORE IN GOLA - lords of dogtown,Emis Killa,60,188640,album,14,2023-05-19,False,https://i.scdn.co/image/ab67616d0000b27329df67b7e1d45411f2ac4a92
2023-05-21,7,IL MALE CHE MI FAI (feat. Marracash),Geolier,81,167339,album,24,2023-04-07,False,https://i.scdn.co/image/ab67616d0000b273afd999e92d692ad962b9c556
2023-05-21,8,VETRI NERI,AVA & ANNA & Capo Plaza,59,164776,single,1,2023-05-19,True,https://i.scdn.co/image/ab67616d0000b273789f1862aa0e62086ff675f9
2023-05-21,9,Un Briciolo Di Allegria (con MINA),BLANCO,79,207615,album,12,2023-04-13,False,https://i.scdn.co/image/ab67616d0000b273d0a7dfc11235eb8a6fc8fbf0
2023-05-21,10,PACINO - the godfather,Emis Killa,59,122426,album,14,2023-05-19,False,https://i.scdn.co/image/ab67616d0000b27329df67b7e1d45411f2ac4a92
2023-05-21,11,ALBICOCCA - lolita,Emis Killa,59,162733,album,14,2023-05-19,False,https://i.scdn.co/image/ab67616d0000b27329df67b7e1d45411f2ac4a92
2023-05-21,12,COME VUOI,Geolier,79,172615,album,18,2023-01-06,True,https://i.scdn.co/image/ab67616d0000b273a43bc8d38cdecdb7a71b34a6
2023-05-21,13,Rubami la Notte,Pinguini Tattici Nucleari,59,189583,single,1,2023-05-19,False,https://i.scdn.co/image/ab67616d0000b2730fb8e77683561b11b817484e
2023-05-21,14,VISCERALE - closer,Emis Killa,59,184160,album,14,2023-05-19,False,https://i.scdn.co/image/ab67616d0000b27329df67b7e1d45411f2ac4a92
2023-05-21,15,LONTANO - carlito's way,Emis Killa,59,166946,album,14,2023-05-19,False,https://i.scdn.co/image/ab67616d0000b27329df67b7e1d45411f2ac4a92
2023-05-21,16,Mon Amour,Annalisa,79,203225,single,1,2023-03-31,False,https://i.scdn.co/image/ab67616d0000b27318cfcfb5f053d8cf88b8b48c
2023-05-21,17,TOXIC - trainspotting,Emis Killa,58,180000,album,14,2023-05-19,False,https://i.scdn.co/image/ab67616d0000b27329df67b7e1d45411f2ac4a92
2023-05-21,18,BIG BANG - upside down,Emis Killa,58,198253,album,14,2023-05-19,False,https://i.scdn.co/image/ab67616d0000b27329df67b7e1d45411f2ac4a92
2023-05-21,19,"MIRAGE (feat. Ozuna, GIMS & Sfera Ebbasta)",AriBeatz & Ozuna & Sfera Ebbasta,81,206054,single,1,2023-04-14,True,https://i.scdn.co/image/ab67616d0000b2734a317bdd13b1a039a24300aa
2023-05-21,20,MC DRIVE - la haine,Emis Killa,58,180000,album,14,2023-05-19,False,https://i.scdn.co/image/ab67616d0000b27329df67b7e1d45411f2ac4a92
2023-05-21,21,MASERATI - the wolf of wall street,Emis Killa,57,136000,album,14,2023-05-19,False,https://i.scdn.co/image/ab67616d0000b27329df67b7e1d45411f2ac4a92
2023-05-21,22,TANGO,Tananai,73,209062,album,16,2022-11-24,False,https://i.scdn.co/image/ab67616d0000b27374dfe2b9efecc249aa0b2a55
2023-05-21,23,X CASO (feat. Sfera Ebbasta),Geolier,78,215421,album,18,2023-01-06,True,https://i.scdn.co/image/ab67616d0000b273a43bc8d38cdecdb7a71b34a6
2023-05-21,24,Whip Whip,Rhove,57,117600,single,2,2023-05-18,True,https://i.scdn.co/image/ab67616d0000b27327d9e289e069abbaa5192a02
2023-05-21,25,ORIGAMI ALL'ALBA - CLARA,Matteo Paolillo - Icaro & Lolloflow & CLARA,79,153758,single,2,2023-02-24,False,https://i.scdn.co/image/ab67616d0000b273581a52729617653dabbe3fc8
2023-05-21,26,"Quevedo: Bzrp Music Sessions, Vol. 52",Bizarrap & Quevedo,93,198937,single,1,2022-07-06,False,https://i.scdn.co/image/ab67616d0000b2731630dd349221a35ce03a0ccf
2023-05-21,27,Due Vite,Marco Mengoni,72,225652,album,28,2022-12-25,False,https://i.scdn.co/image/ab67616d0000b2730e61e4e997a3dc0ba273e732
2023-05-21,28,ATTORI DI STRADA - ragazzi fuori,Emis Killa,56,210453,album,14,2023-05-19,False,https://i.scdn.co/image/ab67616d0000b27329df67b7e1d45411f2ac4a92
2023-05-21,29,SONNY - city of god,Emis Killa,56,190520,album,14,2023-05-19,False,https://i.scdn.co/image/ab67616d0000b27329df67b7e1d45411f2ac4a92
2023-05-21,30,PUTA (feat. Ghali & Guè),Sixpm & Ghali & Guè,56,186990,single,1,2023-05-18,True,https://i.scdn.co/image/ab67616d0000b2739d85c85d53e5a2dea5b00e82
2023-05-21,31,CHIAGNE (feat. Lazza & Takagi & Ketra),Geolier,74,179863,album,18,2023-01-06,False,https://i.scdn.co/image/ab67616d0000b273a43bc8d38cdecdb7a71b34a6
2023-05-21,32,Non lo Sai,Shiva,78,228454,album,18,2022-11-25,False,https://i.scdn.co/image/ab67616d0000b273c7e356600aed38293c7ca0a4
2023-05-21,33,Non litighiamo più,Rocco Hunt,76,180444,single,1,2023-03-31,False,https://i.scdn.co/image/ab67616d0000b2734197301044c769c52ad4d61c
2023-05-21,34,SUPEREROI,Mr.Rain,78,195000,single,5,2023-02-08,False,https://i.scdn.co/image/ab67616d0000b273b6f87af8918ce1d7988c4712
2023-05-21,35,Guasto D'Amore,Bresh & SHUNE,77,200080,single,1,2023-01-27,False,https://i.scdn.co/image/ab67616d0000b273fdcbf5d28fd6ab6d35c6411f
2023-05-21,36,Dimmi Che C'è (feat. Tedua),thasup,70,182078,album,21,2022-09-30,False,https://i.scdn.co/image/ab67616d0000b27372cfdfd53af51bcfed067d75
2023-05-21,37,BEL FINALE - the butterfly effect,Emis Killa,55,111800,album,14,2023-05-19,False,https://i.scdn.co/image/ab67616d0000b27329df67b7e1d45411f2ac4a92
2023-05-21,38,BOSS,Tony Effe,78,144930,single,1,2023-03-24,True,https://i.scdn.co/image/ab67616d0000b27318090dc3cc0c71fdf1aec014
2023-05-21,39,Cookies N' Cream (feat. ANNA & Sfera Ebbasta),Guè,77,201845,album,12,2023-01-13,True,https://i.scdn.co/image/ab67616d0000b2732f81606d1dbb823ca4a021b3
2023-05-21,40,Arai (feat. Capo Plaza),Medy,76,181668,album,7,2023-01-13,True,https://i.scdn.co/image/ab67616d0000b2734095e81ba4f0acca559a91c0
2023-05-21,41,Un Altro Show (feat. Geolier),Shiva,76,171702,album,18,2022-11-25,False,https://i.scdn.co/image/ab67616d0000b273c7e356600aed38293c7ca0a4
2023-05-21,42,Ci pensiamo domani,Angelina Mango,65,180184,single,1,2023-05-12,False,https://i.scdn.co/image/ab67616d0000b2738fdce21e347eb12b3ed951be
2023-05-21,43,Fantasmi (feat. Geolier),Rose Villain,74,133266,album,14,2023-01-20,False,https://i.scdn.co/image/ab67616d0000b273888812bbfaa3731daaecee44
2023-05-21,44,100 OPPS,Shiva,73,167771,single,1,2023-04-28,True,https://i.scdn.co/image/ab67616d0000b273d083fc9c3acf5f50a66024d2
2023-05-21,45,Coca zero,Pinguini Tattici Nucleari,63,203647,album,15,2022-12-02,False,https://i.scdn.co/image/ab67616d0000b27332ef0212a271aea136b88f05
2023-05-21,46,"Il Doc 3 (feat. Tony Effe, Slings & MamboLosco)",VillaBanks & Linch & Andry The Hitmaker,74,211429,single,1,2023-02-13,True,https://i.scdn.co/image/ab67616d0000b273a265fe64ad47c42cdc57e639
2023-05-21,47,IL BENE NEL MALE,Madame,66,213143,album,15,2023-03-30,True,https://i.scdn.co/image/ab67616d0000b2738f0790a5c1a64f896ddae910
2023-05-21,48,Tattoo,Loreen,91,183374,single,1,2023-02-25,False,https://i.scdn.co/image/ab67616d0000b2732b0ba87db609976eee193bd6
2023-05-21,49,Daylight,David Kushner,97,212953,single,1,2023-04-14,False,https://i.scdn.co/image/ab67616d0000b27395ca6a9b4083a86c149934ae
2023-05-21,50,Flowers,Miley Cyrus,91,200600,album,13,2023-03-10,False,https://i.scdn.co/image/ab67616d0000b27358039b5147731b6e52202e46
2023-05-22,1,ON FIRE - paid in full,Emis Killa,68,176000,album,14,2023-05-19,False,https://i.scdn.co/image/ab67616d0000b27329df67b7e1d45411f2ac4a92
2023-05-22,2,"Gelosa (feat. Shiva, Sfera Ebbasta, Guè)",Finesse & Shiva & Sfera Ebbasta,82,181611,single,1,2023-02-24,False,https://i.scdn.co/image/ab67616d0000b273daa862db6dbe29bb621e9338
2023-05-22,3,CENERE,Lazza,76,208323,album,26,2022-04-07,False,https://i.scdn.co/image/ab67616d0000b273279a772ce72afcc068718423
2023-05-22,4,Pelé,Rhove & Madfingerz,78,133858,single,1,2023-03-16,True,https://i.scdn.co/image/ab67616d0000b2731959056f44e03cdd18d85cc8
2023-05-22,5,IL MALE CHE MI FAI (feat. Marracash),Geolier,81,167339,album,24,2023-04-07,False,https://i.scdn.co/image/ab67616d0000b273afd999e92d692ad962b9c556
2023-05-22,6,Un Briciolo Di Allegria (con MINA),BLANCO,79,207615,album,12,2023-04-13,False,https://i.scdn.co/image/ab67616d0000b273d0a7dfc11235eb8a6fc8fbf0
2023-05-22,7,Mon Amour,Annalisa,79,203225,single,1,2023-03-31,False,https://i.scdn.co/image/ab67616d0000b27318cfcfb5f053d8cf88b8b48c
2023-05-22,8,SENZ'ANIMA - nikita,Emis Killa,64,193453,album,14,2023-05-19,False,https://i.scdn.co/image/ab67616d0000b27329df67b7e1d45411f2ac4a92
2023-05-22,9,COME VUOI,Geolier,79,172615,album,18,2023-01-06,True,https://i.scdn.co/image/ab67616d0000b273a43bc8d38cdecdb7a71b34a6
2023-05-22,10,VETRI NERI,AVA & ANNA & Capo Plaza,63,164776,single,1,2023-05-19,True,https://i.scdn.co/image/ab67616d0000b273789f1862aa0e62086ff675f9
2023-05-22,11,"MIRAGE (feat. Ozuna, GIMS & Sfera Ebbasta)",AriBeatz & Ozuna & Sfera Ebbasta,81,206054,single,1,2023-04-14,True,https://i.scdn.co/image/ab67616d0000b2734a317bdd13b1a039a24300aa
2023-05-22,12,TANGO,Tananai,73,209062,album,16,2022-11-24,False,https://i.scdn.co/image/ab67616d0000b27374dfe2b9efecc249aa0b2a55
2023-05-22,13,Whip Whip,Rhove,61,117600,single,2,2023-05-18,True,https://i.scdn.co/image/ab67616d0000b27327d9e289e069abbaa5192a02
2023-05-22,14,X CASO (feat. Sfera Ebbasta),Geolier,78,215421,album,18,2023-01-06,True,https://i.scdn.co/image/ab67616d0000b273a43bc8d38cdecdb7a71b34a6
2023-05-22,15,Rubami la Notte,Pinguini Tattici Nucleari,63,189583,single,1,2023-05-19,False,https://i.scdn.co/image/ab67616d0000b2730fb8e77683561b11b817484e
2023-05-22,16,Due Vite,Marco Mengoni,72,225652,album,28,2022-12-25,False,https://i.scdn.co/image/ab67616d0000b2730e61e4e997a3dc0ba273e732
2023-05-22,17,COL CUORE IN GOLA - lords of dogtown,Emis Killa,63,188640,album,14,2023-05-19,False,https://i.scdn.co/image/ab67616d0000b27329df67b7e1d45411f2ac4a92
2023-05-22,18,"Quevedo: Bzrp Music Sessions, Vol. 52",Bizarrap & Quevedo,93,198937,single,1,2022-07-06,False,https://i.scdn.co/image/ab67616d0000b2731630dd349221a35ce03a0ccf
2023-05-22,19,ORIGAMI ALL'ALBA - CLARA,Matteo Paolillo - Icaro & Lolloflow & CLARA,79,153758,single,2,2023-02-24,False,https://i.scdn.co/image/ab67616d0000b273581a52729617653dabbe3fc8
2023-05-22,20,SUPEREROI,Mr.Rain,78,195000,single,5,2023-02-08,False,https://i.scdn.co/image/ab67616d0000b273b6f87af8918ce1d7988c4712
2023-05-22,21,CHIAGNE (feat. Lazza & Takagi & Ketra),Geolier,74,179863,album,18,2023-01-06,False,https://i.scdn.co/image/ab67616d0000b273a43bc8d38cdecdb7a71b34a6
2023-05-22,22,Non lo Sai,Shiva,77,228454,album,18,2022-11-25,False,https://i.scdn.co/image/ab67616d0000b273c7e356600aed38293c7ca0a4
2023-05-22,23,Non litighiamo più,Rocco Hunt,76,180444,single,1,2023-03-31,False,https://i.scdn.co/image/ab67616d0000b2734197301044c769c52ad4d61c
2023-05-22,24,Guasto D'Amore,Bresh & SHUNE,76,200080,single,1,2023-01-27,False,https://i.scdn.co/image/ab67616d0000b273fdcbf5d28fd6ab6d35c6411f
2023-05-22,25,Cookies N' Cream (feat. ANNA & Sfera Ebbasta),Guè,77,201845,album,12,2023-01-13,True,https://i.scdn.co/image/ab67616d0000b2732f81606d1dbb823ca4a021b3
2023-05-22,26,Dimmi Che C'è (feat. Tedua),thasup,70,182078,album,21,2022-09-30,False,https://i.scdn.co/image/ab67616d0000b27372cfdfd53af51bcfed067d75
2023-05-22,27,ALBICOCCA - lolita,Emis Killa,62,162733,album,14,2023-05-19,False,https://i.scdn.co/image/ab67616d0000b27329df67b7e1d45411f2ac4a92
2023-05-22,28,VISCERALE - closer,Emis Killa,62,184160,album,14,2023-05-19,False,https://i.scdn.co/image/ab67616d0000b27329df67b7e1d45411f2ac4a92
2023-05-22,29,BIG BANG - upside down,Emis Killa,61,198253,album,14,2023-05-19,False,https://i.scdn.co/image/ab67616d0000b27329df67b7e1d45411f2ac4a92
2023-05-22,30,BOSS,Tony Effe,78,144930,single,1,2023-03-24,True,https://i.scdn.co/image/ab67616d0000b27318090dc3cc0c71fdf1aec014
2023-05-22,31,TOXIC - trainspotting,Emis Killa,61,180000,album,14,2023-05-19,False,https://i.scdn.co/image/ab67616d0000b27329df67b7e1d45411f2ac4a92
2023-05-22,32,LONTANO - carlito's way,Emis Killa,61,166946,album,14,2023-05-19,False,https://i.scdn.co/image/ab67616d0000b27329df67b7e1d45411f2ac4a92
2023-05-22,33,Un Altro Show (feat. Geolier),Shiva,76,171702,album,18,2022-11-25,False,https://i.scdn.co/image/ab67616d0000b273c7e356600aed38293c7ca0a4
2023-05-22,34,Arai (feat. Capo Plaza),Medy,76,181668,album,7,2023-01-13,True,https://i.scdn.co/image/ab67616d0000b2734095e81ba4f0acca559a91c0
2023-05-22,35,PACINO - the godfather,Emis Killa,62,122426,album,14,2023-05-19,False,https://i.scdn.co/image/ab67616d0000b27329df67b7e1d45411f2ac4a92
2023-05-22,36,Fantasmi (feat. Geolier),Rose Villain,74,133266,album,14,2023-01-20,False,https://i.scdn.co/image/ab67616d0000b273888812bbfaa3731daaecee44
2023-05-22,37,Ci pensiamo domani,Angelina Mango,66,180184,single,1,2023-05-12,False,https://i.scdn.co/image/ab67616d0000b2738fdce21e347eb12b3ed951be
2023-05-22,38,MC DRIVE - la haine,Emis Killa,61,180000,album,14,2023-05-19,False,https://i.scdn.co/image/ab67616d0000b27329df67b7e1d45411f2ac4a92
2023-05-22,39,Coca zero,Pinguini Tattici Nucleari,63,203647,album,15,2022-12-02,False,https://i.scdn.co/image/ab67616d0000b27332ef0212a271aea136b88f05
2023-05-22,40,PUTA (feat. Ghali & Guè),Sixpm & Ghali & Guè,59,186990,single,1,2023-05-18,True,https://i.scdn.co/image/ab67616d0000b2739d85c85d53e5a2dea5b00e82
2023-05-22,41,100 OPPS,Shiva,73,167771,single,1,2023-04-28,True,https://i.scdn.co/image/ab67616d0000b273d083fc9c3acf5f50a66024d2
2023-05-22,42,IL BENE NEL MALE,Madame,66,213143,album,15,2023-03-30,True,https://i.scdn.co/image/ab67616d0000b2738f0790a5c1a64f896ddae910
2023-05-22,43,"Il Doc 3 (feat. Tony Effe, Slings & MamboLosco)",VillaBanks & Linch & Andry The Hitmaker,74,211429,single,1,2023-02-13,True,https://i.scdn.co/image/ab67616d0000b273a265fe64ad47c42cdc57e639
2023-05-22,44,ATTORI DI STRADA - ragazzi fuori,Emis Killa,60,210453,album,14,2023-05-19,False,https://i.scdn.co/image/ab67616d0000b27329df67b7e1d45411f2ac4a92
2023-05-22,45,MASERATI - the wolf of wall street,Emis Killa,60,136000,album,14,2023-05-19,False,https://i.scdn.co/image/ab67616d0000b27329df67b7e1d45411f2ac4a92
2023-05-22,46,Captato,Diss Gacha & Sala,70,123333,album,7,2023-04-28,True,https://i.scdn.co/image/ab67616d0000b273f8086509595114dd483d7703
2023-05-22,47,Flowers,Miley Cyrus,91,200600,album,13,2023-03-10,False,https://i.scdn.co/image/ab67616d0000b27358039b5147731b6e52202e46
2023-05-22,48,SONNY - city of god,Emis Killa,60,190520,album,14,2023-05-19,False,https://i.scdn.co/image/ab67616d0000b27329df67b7e1d45411f2ac4a92
2023-05-22,49,"Shakira: Bzrp Music Sessions, Vol. 53",Bizarrap & Shakira,94,214945,single,1,2023-01-11,False,https://i.scdn.co/image/ab67616d0000b2732b6d78c5a3f6247aa997b812
2023-05-22,50,Daylight,David Kushner,97,212953,single,1,2023-04-14,False,https://i.scdn.co/image/ab67616d0000b27395ca6a9b4083a86c149934ae
2023-05-23,1,ON FIRE - paid in full,Emis Killa,70,176000,album,14,2023-05-19,False,https://i.scdn.co/image/ab67616d0000b27329df67b7e1d45411f2ac4a92
2023-05-23,2,CENERE,Lazza,76,208323,album,26,2022-04-07,False,https://i.scdn.co/image/ab67616d0000b273279a772ce72afcc068718423
2023-05-23,3,"Gelosa (feat. Shiva, Sfera Ebbasta, Guè)",Finesse & Shiva & Sfera Ebbasta,82,181611,single,1,2023-02-24,False,https://i.scdn.co/image/ab67616d0000b273daa862db6dbe29bb621e9338
2023-05-23,4,Pelé,Rhove & Madfingerz,78,133858,single,1,2023-03-16,True,https://i.scdn.co/image/ab67616d0000b2731959056f44e03cdd18d85cc8
2023-05-23,5,IL MALE CHE MI FAI (feat. Marracash),Geolier,81,167339,album,24,2023-04-07,False,https://i.scdn.co/image/ab67616d0000b273afd999e92d692ad962b9c556
2023-05-23,6,Un Briciolo Di Allegria (con MINA),BLANCO,79,207615,album,12,2023-04-13,False,https://i.scdn.co/image/ab67616d0000b273d0a7dfc11235eb8a6fc8fbf0
2023-05-23,7,Mon Amour,Annalisa,79,203225,single,1,2023-03-31,False,https://i.scdn.co/image/ab67616d0000b27318cfcfb5f053d8cf88b8b48c
2023-05-23,8,COME VUOI,Geolier,79,172615,album,18,2023-01-06,True,https://i.scdn.co/image/ab67616d0000b273a43bc8d38cdecdb7a71b34a6
2023-05-23,9,VETRI NERI,AVA & ANNA & Capo Plaza,65,164776,single,1,2023-05-19,True,https://i.scdn.co/image/ab67616d0000b273789f1862aa0e62086ff675f9
2023-05-23,10,TANGO,Tananai,73,209062,album,16,2022-11-24,False,https://i.scdn.co/image/ab67616d0000b27374dfe2b9efecc249aa0b2a55
2023-05-23,11,Rubami la Notte,Pinguini Tattici Nucleari,65,189583,single,1,2023-05-19,False,https://i.scdn.co/image/ab67616d0000b2730fb8e77683561b11b817484e
2023-05-23,12,"MIRAGE (feat. Ozuna, GIMS & Sfera Ebbasta)",AriBeatz & Ozuna & Sfera Ebbasta,81,206054,single,1,2023-04-14,True,https://i.scdn.co/image/ab67616d0000b2734a317bdd13b1a039a24300aa
2023-05-23,13,SENZ'ANIMA - nikita,Emis Killa,66,193453,album,14,2023-05-19,False,https://i.scdn.co/image/ab67616d0000b27329df67b7e1d45411f2ac4a92
2023-05-23,14,Whip Whip,Rhove,63,117600,single,2,2023-05-18,True,https://i.scdn.co/image/ab67616d0000b27327d9e289e069abbaa5192a02
2023-05-23,15,X CASO (feat. Sfera Ebbasta),Geolier,78,215421,album,18,2023-01-06,True,https://i.scdn.co/image/ab67616d0000b273a43bc8d38cdecdb7a71b34a6
2023-05-23,16,Due Vite,Marco Mengoni,72,225652,album,28,2022-12-25,False,https://i.scdn.co/image/ab67616d0000b2730e61e4e997a3dc0ba273e732
2023-05-23,17,"Quevedo: Bzrp Music Sessions, Vol. 52",Bizarrap & Quevedo,93,198937,single,1,2022-07-06,False,https://i.scdn.co/image/ab67616d0000b2731630dd349221a35ce03a0ccf
2023-05-23,18,ORIGAMI ALL'ALBA - CLARA,Matteo Paolillo - Icaro & Lolloflow & CLARA,78,153758,single,2,2023-02-24,False,https://i.scdn.co/image/ab67616d0000b273581a52729617653dabbe3fc8
2023-05-23,19,SUPEREROI,Mr.Rain,78,195000,single,5,2023-02-08,False,https://i.scdn.co/image/ab67616d0000b273b6f87af8918ce1d7988c4712
2023-05-23,20,Non litighiamo più,Rocco Hunt,76,180444,single,1,2023-03-31,False,https://i.scdn.co/image/ab67616d0000b2734197301044c769c52ad4d61c
2023-05-23,21,CHIAGNE (feat. Lazza & Takagi & Ketra),Geolier,74,179863,album,18,2023-01-06,False,https://i.scdn.co/image/ab67616d0000b273a43bc8d38cdecdb7a71b34a6
2023-05-23,22,Non lo Sai,Shiva,77,228454,album,18,2022-11-25,False,https://i.scdn.co/image/ab67616d0000b273c7e356600aed38293c7ca0a4
2023-05-23,23,COL CUORE IN GOLA - lords of dogtown,Emis Killa,65,188640,album,14,2023-05-19,False,https://i.scdn.co/image/ab67616d0000b27329df67b7e1d45411f2ac4a92
2023-05-23,24,Guasto D'Amore,Bresh & SHUNE,76,200080,single,1,2023-01-27,False,https://i.scdn.co/image/ab67616d0000b273fdcbf5d28fd6ab6d35c6411f
2023-05-23,25,Dimmi Che C'è (feat. Tedua),thasup,70,182078,album,21,2022-09-30,False,https://i.scdn.co/image/ab67616d0000b27372cfdfd53af51bcfed067d75
2023-05-23,26,Cookies N' Cream (feat. ANNA & Sfera Ebbasta),Guè,77,201845,album,12,2023-01-13,True,https://i.scdn.co/image/ab67616d0000b2732f81606d1dbb823ca4a021b3
2023-05-23,27,Un Altro Show (feat. Geolier),Shiva,75,171702,album,18,2022-11-25,False,https://i.scdn.co/image/ab67616d0000b273c7e356600aed38293c7ca0a4
2023-05-23,28,Arai (feat. Capo Plaza),Medy,76,181668,album,7,2023-01-13,True,https://i.scdn.co/image/ab67616d0000b2734095e81ba4f0acca559a91c0
2023-05-23,29,BOSS,Tony Effe,78,144930,single,1,2023-03-24,True,https://i.scdn.co/image/ab67616d0000b27318090dc3cc0c71fdf1aec014
2023-05-23,30,Ci pensiamo domani,Angelina Mango,67,180184,single,1,2023-05-12,False,https://i.scdn.co/image/ab67616d0000b2738fdce21e347eb12b3ed951be
2023-05-23,31,Fantasmi (feat. Geolier),Rose Villain,74,133266,album,14,2023-01-20,False,https://i.scdn.co/image/ab67616d0000b273888812bbfaa3731daaecee44
2023-05-23,32,Coca zero,Pinguini Tattici Nucleari,63,203647,album,15,2022-12-02,False,https://i.scdn.co/image/ab67616d0000b27332ef0212a271aea136b88f05
2023-05-23,33,BIG BANG - upside down,Emis Killa,63,198253,album,14,2023-05-19,False,https://i.scdn.co/image/ab67616d0000b27329df67b7e1d45411f2ac4a92
2023-05-23,34,IL BENE NEL MALE,Madame,66,213143,album,15,2023-03-30,True,https://i.scdn.co/image/ab67616d0000b2738f0790a5c1a64f896ddae910
2023-05-23,35,VISCERALE - closer,Emis Killa,63,184160,album,14,2023-05-19,False,https://i.scdn.co/image/ab67616d0000b27329df67b7e1d45411f2ac4a92
2023-05-23,36,ALBICOCCA - lolita,Emis Killa,63,162733,album,14,2023-05-19,False,https://i.scdn.co/image/ab67616d0000b27329df67b7e1d45411f2ac4a92
2023-05-23,37,LONTANO - carlito's way,Emis Killa,63,166946,album,14,2023-05-19,False,https://i.scdn.co/image/ab67616d0000b27329df67b7e1d45411f2ac4a92
2023-05-23,38,TOXIC - trainspotting,Emis Killa,63,180000,album,14,2023-05-19,False,https://i.scdn.co/image/ab67616d0000b27329df67b7e1d45411f2ac4a92
2023-05-23,39,100 OPPS,Shiva,73,167771,single,1,2023-04-28,True,https://i.scdn.co/image/ab67616d0000b273d083fc9c3acf5f50a66024d2
2023-05-23,40,Flowers,Miley Cyrus,91,200600,album,13,2023-03-10,False,https://i.scdn.co/image/ab67616d0000b27358039b5147731b6e52202e46
2023-05-23,41,Daylight,David Kushner,97,212953,single,1,2023-04-14,False,https://i.scdn.co/image/ab67616d0000b27395ca6a9b4083a86c149934ae
2023-05-23,42,"Il Doc 3 (feat. Tony Effe, Slings & MamboLosco)",VillaBanks & Linch & Andry The Hitmaker,74,211429,single,1,2023-02-13,True,https://i.scdn.co/image/ab67616d0000b273a265fe64ad47c42cdc57e639
2023-05-23,43,"Shakira: Bzrp Music Sessions, Vol. 53",Bizarrap & Shakira,94,214945,single,1,2023-01-11,False,https://i.scdn.co/image/ab67616d0000b2732b6d78c5a3f6247aa997b812
2023-05-23,44,Bellissima,Annalisa,75,201334,single,1,2022-09-02,False,https://i.scdn.co/image/ab67616d0000b273dc2783920a5b9b3def9cdb55
2023-05-23,45,Captato,Diss Gacha & Sala,70,123333,album,7,2023-04-28,True,https://i.scdn.co/image/ab67616d0000b273f8086509595114dd483d7703
2023-05-23,46,PUTA (feat. Ghali & Guè),Sixpm & Ghali & Guè,61,186990,single,1,2023-05-18,True,https://i.scdn.co/image/ab67616d0000b2739d85c85d53e5a2dea5b00e82
2023-05-23,47,PACINO - the godfather,Emis Killa,63,122426,album,14,2023-05-19,False,https://i.scdn.co/image/ab67616d0000b27329df67b7e1d45411f2ac4a92
2023-05-23,48,Tattoo,Loreen,91,183374,single,1,2023-02-25,False,https://i.scdn.co/image/ab67616d0000b2732b0ba87db609976eee193bd6
2023-05-23,49,MC DRIVE - la haine,Emis Killa,62,180000,album,14,2023-05-19,False,https://i.scdn.co/image/ab67616d0000b27329df67b7e1d45411f2ac4a92
2023-05-23,50,M' Manc (con Geolier & Sfera Ebbasta),Shablo & Geolier & Sfera Ebbasta,72,180000,single,1,2020-06-11,False,https://i.scdn.co/image/ab67616d0000b273521496cca18501a2ffeebfa9
2023-05-24,1,ON FIRE - paid in full,Emis Killa,71,176000,album,14,2023-05-19,False,https://i.scdn.co/image/ab67616d0000b27329df67b7e1d45411f2ac4a92
2023-05-24,2,"Gelosa (feat. Shiva, Sfera Ebbasta, Guè)",Finesse & Shiva & Sfera Ebbasta,82,181611,single,1,2023-02-24,False,https://i.scdn.co/image/ab67616d0000b273daa862db6dbe29bb621e9338
2023-05-24,3,CENERE,Lazza,76,208323,album,26,2022-04-07,False,https://i.scdn.co/image/ab67616d0000b273279a772ce72afcc068718423
2023-05-24,4,Pelé,Rhove & Madfingerz,79,133858,single,1,2023-03-16,True,https://i.scdn.co/image/ab67616d0000b2731959056f44e03cdd18d85cc8
2023-05-24,5,IL MALE CHE MI FAI (feat. Marracash),Geolier,81,167339,album,24,2023-04-07,False,https://i.scdn.co/image/ab67616d0000b273afd999e92d692ad962b9c556
2023-05-24,6,VETRI NERI,AVA & ANNA & Capo Plaza,67,164776,single,1,2023-05-19,True,https://i.scdn.co/image/ab67616d0000b273789f1862aa0e62086ff675f9
2023-05-24,7,Un Briciolo Di Allegria (con MINA),BLANCO,79,207615,album,12,2023-04-13,False,https://i.scdn.co/image/ab67616d0000b273d0a7dfc11235eb8a6fc8fbf0
2023-05-24,8,COME VUOI,Geolier,79,172615,album,18,2023-01-06,True,https://i.scdn.co/image/ab67616d0000b273a43bc8d38cdecdb7a71b34a6
2023-05-24,9,SENZ'ANIMA - nikita,Emis Killa,68,193453,album,14,2023-05-19,False,https://i.scdn.co/image/ab67616d0000b27329df67b7e1d45411f2ac4a92
2023-05-24,10,Mon Amour,Annalisa,79,203225,single,1,2023-03-31,False,https://i.scdn.co/image/ab67616d0000b27318cfcfb5f053d8cf88b8b48c
2023-05-24,11,Rubami la Notte,Pinguini Tattici Nucleari,67,189583,single,1,2023-05-19,False,https://i.scdn.co/image/ab67616d0000b2730fb8e77683561b11b817484e
2023-05-24,12,"MIRAGE (feat. Ozuna, GIMS & Sfera Ebbasta)",AriBeatz & Ozuna & Sfera Ebbasta,81,206054,single,1,2023-04-14,True,https://i.scdn.co/image/ab67616d0000b2734a317bdd13b1a039a24300aa
2023-05-24,13,Whip Whip,Rhove,65,117600,single,2,2023-05-18,True,https://i.scdn.co/image/ab67616d0000b27327d9e289e069abbaa5192a02
2023-05-24,14,TANGO,Tananai,73,209062,album,16,2022-11-24,False,https://i.scdn.co/image/ab67616d0000b27374dfe2b9efecc249aa0b2a55
2023-05-24,15,X CASO (feat. Sfera Ebbasta),Geolier,78,215421,album,18,2023-01-06,True,https://i.scdn.co/image/ab67616d0000b273a43bc8d38cdecdb7a71b34a6
2023-05-24,16,"Quevedo: Bzrp Music Sessions, Vol. 52",Bizarrap & Quevedo,93,198937,single,1,2022-07-06,False,https://i.scdn.co/image/ab67616d0000b2731630dd349221a35ce03a0ccf
2023-05-24,17,Due Vite,Marco Mengoni,72,225652,album,28,2022-12-25,False,https://i.scdn.co/image/ab67616d0000b2730e61e4e997a3dc0ba273e732
2023-05-24,18,ORIGAMI ALL'ALBA - CLARA,Matteo Paolillo - Icaro & Lolloflow & CLARA,78,153758,single,2,2023-02-24,False,https://i.scdn.co/image/ab67616d0000b273581a52729617653dabbe3fc8
2023-05-24,19,COL CUORE IN GOLA - lords of dogtown,Emis Killa,66,188640,album,14,2023-05-19,False,https://i.scdn.co/image/ab67616d0000b27329df67b7e1d45411f2ac4a92
2023-05-24,20,CHIAGNE (feat. Lazza & Takagi & Ketra),Geolier,74,179863,album,18,2023-01-06,False,https://i.scdn.co/image/ab67616d0000b273a43bc8d38cdecdb7a71b34a6
2023-05-24,21,Non litighiamo più,Rocco Hunt,76,180444,single,1,2023-03-31,False,https://i.scdn.co/image/ab67616d0000b2734197301044c769c52ad4d61c
2023-05-24,22,Guasto D'Amore,Bresh & SHUNE,76,200080,single,1,2023-01-27,False,https://i.scdn.co/image/ab67616d0000b273fdcbf5d28fd6ab6d35c6411f
2023-05-24,23,Non lo Sai,Shiva,77,228454,album,18,2022-11-25,False,https://i.scdn.co/image/ab67616d0000b273c7e356600aed38293c7ca0a4
2023-05-24,24,SUPEREROI,Mr.Rain,78,195000,single,5,2023-02-08,False,https://i.scdn.co/image/ab67616d0000b273b6f87af8918ce1d7988c4712
2023-05-24,25,Dimmi Che C'è (feat. Tedua),thasup,70,182078,album,21,2022-09-30,False,https://i.scdn.co/image/ab67616d0000b27372cfdfd53af51bcfed067d75
2023-05-24,26,Cookies N' Cream (feat. ANNA & Sfera Ebbasta),Guè,77,201845,album,12,2023-01-13,True,https://i.scdn.co/image/ab67616d0000b2732f81606d1dbb823ca4a021b3
2023-05-24,27,Arai (feat. Capo Plaza),Medy,76,181668,album,7,2023-01-13,True,https://i.scdn.co/image/ab67616d0000b2734095e81ba4f0acca559a91c0
2023-05-24,28,BOSS,Tony Effe,77,144930,single,1,2023-03-24,True,https://i.scdn.co/image/ab67616d0000b27318090dc3cc0c71fdf1aec014
2023-05-24,29,Ci pensiamo domani,Angelina Mango,67,180184,single,1,2023-05-12,False,https://i.scdn.co/image/ab67616d0000b2738fdce21e347eb12b3ed951be
2023-05-24,30,Fantasmi (feat. Geolier),Rose Villain,74,133266,album,14,2023-01-20,False,https://i.scdn.co/image/ab67616d0000b273888812bbfaa3731daaecee44
2023-05-24,31,Un Altro Show (feat. Geolier),Shiva,75,171702,album,18,2022-11-25,False,https://i.scdn.co/image/ab67616d0000b273c7e356600aed38293c7ca0a4
2023-05-24,32,Coca zero,Pinguini Tattici Nucleari,63,203647,album,15,2022-12-02,False,https://i.scdn.co/image/ab67616d0000b27332ef0212a271aea136b88f05
2023-05-24,33,BIG BANG - upside down,Emis Killa,64,198253,album,14,2023-05-19,False,https://i.scdn.co/image/ab67616d0000b27329df67b7e1d45411f2ac4a92
2023-05-24,34,ALBICOCCA - lolita,Emis Killa,64,162733,album,14,2023-05-19,False,https://i.scdn.co/image/ab67616d0000b27329df67b7e1d45411f2ac4a92
2023-05-24,35,Captato,Diss Gacha & Sala,70,123333,album,7,2023-04-28,True,https://i.scdn.co/image/ab67616d0000b273f8086509595114dd483d7703
2023-05-24,36,VISCERALE - closer,Emis Killa,64,184160,album,14,2023-05-19,False,https://i.scdn.co/image/ab67616d0000b27329df67b7e1d45411f2ac4a92
2023-05-24,37,LONTANO - carlito's way,Emis Killa,64,166946,album,14,2023-05-19,False,https://i.scdn.co/image/ab67616d0000b27329df67b7e1d45411f2ac4a92
2023-05-24,38,TOXIC - trainspotting,Emis Killa,64,180000,album,14,2023-05-19,False,https://i.scdn.co/image/ab67616d0000b27329df67b7e1d45411f2ac4a92
2023-05-24,39,IL BENE NEL MALE,Madame,66,213143,album,15,2023-03-30,True,https://i.scdn.co/image/ab67616d0000b2738f0790a5c1a64f896ddae910
2023-05-24,40,"Il Doc 3 (feat. Tony Effe, Slings & MamboLosco)",VillaBanks & Linch & Andry The Hitmaker,74,211429,single,1,2023-02-13,True,https://i.scdn.co/image/ab67616d0000b273a265fe64ad47c42cdc57e639
2023-05-24,41,100 OPPS,Shiva,73,167771,single,1,2023-04-28,True,https://i.scdn.co/image/ab67616d0000b273d083fc9c3acf5f50a66024d2
2023-05-24,42,Daylight,David Kushner,97,212953,single,1,2023-04-14,False,https://i.scdn.co/image/ab67616d0000b27395ca6a9b4083a86c149934ae
2023-05-24,43,PUTA (feat. Ghali & Guè),Sixpm & Ghali & Guè,62,186990,single,1,2023-05-18,True,https://i.scdn.co/image/ab67616d0000b2739d85c85d53e5a2dea5b00e82
2023-05-24,44,Flowers,Miley Cyrus,91,200600,album,13,2023-03-10,False,https://i.scdn.co/image/ab67616d0000b27358039b5147731b6e52202e46
2023-05-24,45,PACINO - the godfather,Emis Killa,64,122426,album,14,2023-05-19,False,https://i.scdn.co/image/ab67616d0000b27329df67b7e1d45411f2ac4a92
2023-05-24,46,Bellissima,Annalisa,75,201334,single,1,2022-09-02,False,https://i.scdn.co/image/ab67616d0000b273dc2783920a5b9b3def9cdb55
2023-05-24,47,"Shakira: Bzrp Music Sessions, Vol. 53",Bizarrap & Shakira,94,214945,single,1,2023-01-11,False,https://i.scdn.co/image/ab67616d0000b2732b6d78c5a3f6247aa997b812
2023-05-24,48,MC DRIVE - la haine,Emis Killa,63,180000,album,14,2023-05-19,False,https://i.scdn.co/image/ab67616d0000b27329df67b7e1d45411f2ac4a92
2023-05-24,49,Altamente Mia,Bresh & SHUNE,73,172718,single,1,2023-04-07,True,https://i.scdn.co/image/ab67616d0000b273454acd485acac4bb735b228e
2023-05-24,50,Tattoo,Loreen,91,183374,single,1,2023-02-25,False,https://i.scdn.co/image/ab67616d0000b2732b0ba87db609976eee193bd6
